[{"id":"user-image-software-de-sistema-1-e1534948748523.jpg","publicUrl":"np://user.desktop.nicepage.com/Site_691815987/images/software-de-sistema-1-e1534948748523.jpg","size":51122,"hash":"uvVThNFGdFHhV/nCB0F07VRnT0M=","fileName":"software-de-sistema-1-e1534948748523.jpg","name":"software-de-sistema-1-e1534948748523","width":800,"height":400,"thumbnail":{"url":"np://user.desktop.nicepage.com/Site_691815987/images/thumbnails/software-de-sistema-1-e1534948748523.jpg","width":250,"height":125},"folderId":null,"usages":["881824131"]},{"id":"user-image-iStock-1321462048ytuyy.jpg","publicUrl":"np://user.desktop.nicepage.com/Site_691815987/images/iStock-1321462048ytuyy.jpg","size":134243,"hash":"0VQfb/Pg6bc3YYnHaq6d0R5lP4k=","fileName":"iStock-1321462048ytuyy.jpg","name":"iStock-1321462048ytuyy","width":840,"height":500,"thumbnail":{"url":"np://user.desktop.nicepage.com/Site_691815987/images/thumbnails/iStock-1321462048ytuyy.jpg","width":250,"height":149},"folderId":null,"usages":["881824131"]},{"id":"user-image-software-1-e1550080087611-800x400.jpg","publicUrl":"np://user.desktop.nicepage.com/Site_691815987/images/software-1-e1550080087611-800x400.jpg","size":50220,"hash":"Wtmg6/rsBbUnPN+usknvZaujGXo=","fileName":"software-1-e1550080087611-800x400.jpg","name":"software-1-e1550080087611-800x400","width":800,"height":400,"thumbnail":{"url":"np://user.desktop.nicepage.com/Site_691815987/images/thumbnails/software-1-e1550080087611-800x400.jpg","width":250,"height":125},"folderId":null,"usages":["881824131"]},{"id":"user-image-que-es-hardware.jpg","publicUrl":"np://user.desktop.nicepage.com/Site_691815987/images/que-es-hardware.jpg","size":56491,"hash":"o+uGs65uA0YeqK5g1GSRFk/ZhRg=","fileName":"que-es-hardware.jpg","name":"que-es-hardware","width":756,"height":547,"thumbnail":{"url":"np://user.desktop.nicepage.com/Site_691815987/images/thumbnails/que-es-hardware.jpg","width":250,"height":181},"folderId":null,"usages":["881824131"]},{"id":"user-image-ingeniero_de_sistemas_y_computacion.png.webp","publicUrl":"np://user.desktop.nicepage.com/Site_691815987/images/ingeniero_de_sistemas_y_computacion.png.webp","size":65400,"hash":"JfImk9CGO4yjge8D2BglPFzVEdU=","fileName":"ingeniero_de_sistemas_y_computacion.png.webp","name":"ingeniero_de_sistemas_y_computacion.png","width":800,"height":600,"thumbnail":{"url":"np://user.desktop.nicepage.com/Site_691815987/images/ingeniero_de_sistemas_y_computacion.png.webp","width":250,"height":188},"folderId":null,"usages":["881824131"]},{"id":"user-image-especialista-ti-revisando-codigo-computadora-oscura-oficina-noche1-min.jpg","publicUrl":"np://user.desktop.nicepage.com/Site_691815987/images/especialista-ti-revisando-codigo-computadora-oscura-oficina-noche1-min.jpg","size":2119119,"hash":"SzxYaPm+PiD7qqhAL9SGdPD/fUo=","fileName":"especialista-ti-revisando-codigo-computadora-oscura-oficina-noche1-min.jpg","name":"especialista-ti-revisando-codigo-computadora-oscura-oficina-noche1-min","width":7360,"height":4912,"thumbnail":{"url":"np://user.desktop.nicepage.com/Site_691815987/images/thumbnails/especialista-ti-revisando-codigo-computadora-oscura-oficina-noche1-min.jpg","width":250,"height":167},"folderId":null,"usages":["881824131"]},{"id":"user-image-21004063.jpg","publicUrl":"np://user.desktop.nicepage.com/Site_691815987/images/21004063.jpg","size":566496,"hash":"m+StUIkQ0OMstOlxwa9+9D86dlo=","fileName":"21004063.jpg","name":"21004063","width":4000,"height":4000,"thumbnail":{"url":"np://user.desktop.nicepage.com/Site_691815987/images/thumbnails/21004063.jpg","width":250,"height":250},"folderId":null,"usages":["881824131"]},{"id":"user-image-young-it-service-man-reparacion-computadora.jpg","publicUrl":"np://user.desktop.nicepage.com/Site_691815987/images/young-it-service-man-reparacion-computadora.jpg","size":4595558,"hash":"eilqWyoaFdEHbx6ZhA7ks58DYWA=","fileName":"young-it-service-man-reparacion-computadora.jpg","name":"young-it-service-man-reparacion-computadora","width":3200,"height":2133,"thumbnail":{"url":"np://user.desktop.nicepage.com/Site_691815987/images/thumbnails/young-it-service-man-reparacion-computadora.jpg","width":250,"height":167},"folderId":null,"usages":["38432246"]},{"id":"user-image-b52a8c1be6d28b5dacd5bdf4927c3a51c6f46bc2a4038eb2d5c127a8cab8b074e98c6e6c58c3e96e574f858182723a697fa86cf6a90089fe25a8a7_1280.png","publicUrl":"np://user.desktop.nicepage.com/Site_691815987/images/b52a8c1be6d28b5dacd5bdf4927c3a51c6f46bc2a4038eb2d5c127a8cab8b074e98c6e6c58c3e96e574f858182723a697fa86cf6a90089fe25a8a7_1280.png","size":87678,"hash":"Ef/J9fCVCQbP56OhEq1NFWzWfps=","fileName":"b52a8c1be6d28b5dacd5bdf4927c3a51c6f46bc2a4038eb2d5c127a8cab8b074e98c6e6c58c3e96e574f858182723a697fa86cf6a90089fe25a8a7_1280.png","name":"b52a8c1be6d28b5dacd5bdf4927c3a51c6f46bc2a4038eb2d5c127a8cab8b074e98c6e6c58c3e96e574f858182723a697fa86cf6a90089fe25a8a7_1280","width":1280,"height":1280,"thumbnail":{"url":"np://user.desktop.nicepage.com/Site_691815987/images/thumbnails/b52a8c1be6d28b5dacd5bdf4927c3a51c6f46bc2a4038eb2d5c127a8cab8b074e98c6e6c58c3e96e574f858182723a697fa86cf6a90089fe25a8a7_1280.png","width":250,"height":250},"folderId":null,"usages":["881824131"]}]